event,date,time,type,year,model,throat_depth,table_length,price,notes,id
Listed,2026-08-20,21:28:43 UTC,Pre-Loved,2021,Vision,18",10′ (only) HomePro (HP2 Breeze),$11999,,3427NS
Listed,2026-08-20,21:28:43 UTC,Pre-Loved,2021,Vision,30",12′ Sit or Stand,$25499,Computerized upgrades available,7061
Listed,2026-08-20,21:28:43 UTC,Pre-Loved,2012,Statler,26",12′ Sit or Stand,$35599,Can be upgraded to Ascend prior to delivery for $6000,8607
Listed,2026-08-20,21:28:43 UTC,Pre-Loved,2017,Statler,26",12′ Sit or Stand,$40749,2019 Statler retrofit on 2017 machine. Can be upgraded to Ascend prior to delivery for $6000,9907
Listed,2026-08-20,21:28:43 UTC,Pre-Loved,2018,Statler,30",12′ Sit or Stand,$42899,Can be upgraded to Ascend prior to delivery for $6000,6548M
Listed,2026-08-20,21:28:43 UTC,Retrofit,,Vision,18",10′ or 12′ (your choice) HomePro (HP non-Breeze),$11499,"This is a 2004-2008 machine with a 2023 Vision 2.0 Retrofit installed.  Since these electronics are 3 years old, the price is reduced. it's listed on BOTH side (retrofit and non-retrofit) right now.",18B (2023 retro)
Sold (already sold when first tracked),2026-09-15,02:33:00 UTC,Pre-Loved,2017,Vision,22",12′ Sit or Stand,$12500,,0941-4A
Sold (already sold when first tracked),2026-09-15,02:33:00 UTC,Pre-Loved,2009,Statler,30",12′ Sit or Stand,$35399,Can be upgraded to Ascend prior to delivery for $6000,4909
Sold (already sold when first tracked),2026-09-15,02:33:00 UTC,Pre-Loved,2017,Vision,26",12′ Sit or Stand,$17450,Computerized upgrades available,8933S
Sold (already sold when first tracked),2026-09-15,02:33:00 UTC,Pre-Loved,2023,Ascend,26",12′ Sit or Stand,$51399,,9528S
Sold (already sold when first tracked),2026-09-15,02:33:00 UTC,Pre-Loved,2017,Statler,22",12′ Sit or Stand,$32599,,0993-4A
Sold,2026-09-23,18:15:13 UTC,Retrofit,2012,Statler,30",12′ Sit or Stand (ask about 14'),$22499,2012 retrofit on a 2003 machine (from machine list sheet).,2133M
Listed,2026-09-26,19:36:14 UTC,Retrofit,2010–2012,Statler,22",12′ Sit or Stand,$37999,Can be upgraded to Ascend prior to delivery for $7000,22-A
Listed,2026-09-26,19:36:14 UTC,Retrofit,2001–2006,Statler,26",12′ Pivotal Access,$36999,Can be upgraded to Ascend prior to delivery for $7000,26-B
Listed,2026-09-26,19:36:14 UTC,Retrofit,2001–2006,Statler,30",12′ Pivotal Access,$41999,Can be upgraded to Ascend prior to delivery for $7000,30-B
Listed,2026-09-26,19:36:14 UTC,Retrofit,2010–2012,Ascend,22",12′ Sit or Stand,$43999,,22-A-asc
Listed,2026-09-26,19:36:14 UTC,Retrofit,2001–2006,Ascend,26",12′ Sit or Stand,$42999,,26-B-asc
